Count,Filename_0,Time_0,Force(KN),Vérin
4,./camera/J47_NT10_E258-0004_0.tif,0.29882812999999997,0.3119956,0.0161
371,./camera/J47_NT10_E258-0371_0.tif,186.53382813000002,0.34170115820813807,0.6377
